Type,ID,Fuel1,X_fuel1,Fuel2,X_fuel2,Fuel3,X_fuel3,Ox,Dil,Temp,Pres,Model,Crit_spec,Crit_denom,Sim,Time,Exp_val,Exp_unc
pro,Aa1,C4H10,0.010711755,C6H5CH3,0.040294685,tBPO,3.32e-05,0,AR,850,2.088632617,scheme.jetsurf-spst.2atm.cti,C2H4,,tau,500,0.66,0.1
pro,Aa2,C4H10,0.010711755,C6H5CH3,0.040294685,tBPO,3.32e-05,0,AR,950,2.916451628,scheme.jetsurf-spst.2atm.cti,C2H4,,tau,500,1.56,0.1
pro,Aa3,C4H10,0.010711755,C6H5CH3,0.040294685,tBPO,3.32e-05,0,AR,1050,3.586590828,scheme.jetsurf-spst.2atm.cti,C2H4,,tau,500,2.29,0.1
pro,Ab1,C4H10,0.010711755,C6H5CH3,0.040294685,tBPO,3.32e-05,0,AR,850,2.088632617,scheme.jetsurf-spst.2atm.cti,C3H6,,tau,500,1.15,0.1
pro,Ab2,C4H10,0.010711755,C6H5CH3,0.040294685,tBPO,3.32e-05,0,AR,950,2.916451628,scheme.jetsurf-spst.2atm.cti,C3H6,,tau,500,1.74,0.1
pro,Ab3,C4H10,0.010711755,C6H5CH3,0.040294685,tBPO,3.32e-05,0,AR,1050,3.586590828,scheme.jetsurf-spst.2atm.cti,C3H6,,tau,500,2.22,0.1
pul,Ac1,C4H10,0.010711755,C6H5CH3,0.040294685,tBPO,3.32e-05,0,AR,850,2.088632617,scheme.jetsurf-spst.2atm.cti,C2H4,C3H6,ratio,500,-0.49,0.05
pul,Ac2,C4H10,0.010711755,C6H5CH3,0.040294685,tBPO,3.32e-05,0,AR,950,2.916451628,scheme.jetsurf-spst.2atm.cti,C2H4,C3H6,ratio,500,-0.18,0.05
pul,Ac3,C4H10,0.010711755,C6H5CH3,0.040294685,tBPO,3.32e-05,0,AR,1050,3.586590828,scheme.jetsurf-spst.2atm.cti,C2H4,C3H6,ratio,500,0.07,0.05
pul,Cc1,C4H10,0.001020921,C6H5CH3,0.0,HME,5.73e-05,0,AR,900,1.358641414,scheme.jetsurf-spst.2atm.cti,C2H4,C3H6,ratio,500,-0.25,0.05
pul,Cc2,C4H10,0.001020921,C6H5CH3,0.0,HME,5.73e-05,0,AR,950,1.556197025,scheme.jetsurf-spst.2atm.cti,C2H4,C3H6,ratio,500,-0.14,0.05
pul,Cc3,C4H10,0.001020921,C6H5CH3,0.0,HME,5.73e-05,0,AR,1000,1.733997075,scheme.jetsurf-spst.2atm.cti,C2H4,C3H6,ratio,500,-0.04,0.05
pul,Cc4,C4H10,0.001020921,C6H5CH3,0.0,HME,5.73e-05,0,AR,1050,1.894863787,scheme.jetsurf-spst.2atm.cti,C2H4,C3H6,ratio,500,0.05,0.05
pul,Cc5,C4H10,0.001020921,C6H5CH3,0.0,HME,5.73e-05,0,AR,1100,2.041106253,scheme.jetsurf-spst.2atm.cti,C2H4,C3H6,ratio,500,0.13,0.05
pul,Cc6,C4H10,0.001020921,C6H5CH3,0.0,HME,5.73e-05,0,AR,1150,2.174631982,scheme.jetsurf-spst.2atm.cti,C2H4,C3H6,ratio,500,0.2,0.05
